Flight_Number,Launch_Name,Date_UTC,Year,Month,Quarter,Success,Success_Rate,Rocket_Name,Rocket_Type,Cost_Per_Launch,Launchpad_Name,Location,Region,Latitude,Longitude,Payload_Count,Payload_Mass_kg,Payload_Type,Core_Landing,Core_Reused,Year_Category
1,FalconSat,2006-03-24T22:30:00.000Z,2006,3,1,False,0.0,Unknown,Unknown,0,Kwajalein Atoll,Omelek Island,Marshall Islands,9.0477206,167.7431292,1,20.0,Satellite,No Attempt,False,Early
2,DemoSat,2007-03-21T01:10:00.000Z,2007,3,1,False,0.0,Unknown,Unknown,0,Kwajalein Atoll,Omelek Island,Marshall Islands,9.0477206,167.7431292,1,0.0,Satellite,No Attempt,False,Early
3,Trailblazer,2008-08-03T03:34:00.000Z,2008,8,3,False,0.0,Unknown,Unknown,0,Kwajalein Atoll,Omelek Island,Marshall Islands,9.0477206,167.7431292,2,0.0,Satellite,No Attempt,False,Early
4,RatSat,2008-09-28T23:15:00.000Z,2008,9,3,True,1.0,Unknown,Unknown,0,Kwajalein Atoll,Omelek Island,Marshall Islands,9.0477206,167.7431292,1,165.0,Satellite,No Attempt,False,Early
5,RazakSat,2009-07-13T03:35:00.000Z,2009,7,3,True,1.0,Unknown,Unknown,0,Kwajalein Atoll,Omelek Island,Marshall Islands,9.0477206,167.7431292,1,200.0,Satellite,No Attempt,False,Early
6,Falcon 9 Test Flight,2010-06-04T18:45:00.000Z,2010,6,2,True,1.0,Unknown,Unknown,0,CCSFS SLC 40,Cape Canaveral,Florida,28.5618571,-80.577366,1,0.0,Dragon Boilerplate,No Attempt,False,Early
7,COTS 1,2010-12-08T15:43:00.000Z,2010,12,4,True,1.0,Unknown,Unknown,0,CCSFS SLC 40,Cape Canaveral,Florida,28.5618571,-80.577366,2,0.0,Dragon 1.0,No Attempt,False,Early
8,COTS 2,2012-05-22T07:44:00.000Z,2012,5,2,True,1.0,Unknown,Unknown,0,CCSFS SLC 40,Cape Canaveral,Florida,28.5618571,-80.577366,1,525.0,Dragon 1.0,No Attempt,False,Mid
9,CRS-1,2012-10-08T00:35:00.000Z,2012,10,4,True,1.0,Unknown,Unknown,0,CCSFS SLC 40,Cape Canaveral,Florida,28.5618571,-80.577366,2,400.0,Dragon 1.0,No Attempt,False,Mid
10,CRS-2,2013-03-01T19:10:00.000Z,2013,3,1,True,1.0,Unknown,Unknown,0,CCSFS SLC 40,Cape Canaveral,Florida,28.5618571,-80.577366,1,677.0,Dragon 1.0,No Attempt,False,Mid
11,CASSIOPE,2013-09-29T16:00:00.000Z,2013,9,3,True,1.0,Unknown,Unknown,0,VAFB SLC 4E,Vandenberg Space Force Base,California,34.632093,-120.610829,1,500.0,Satellite,Failed,False,Mid
12,SES-8,2013-12-03T22:41:00.000Z,2013,12,4,True,1.0,Unknown,Unknown,0,CCSFS SLC 40,Cape Canaveral,Florida,28.5618571,-80.577366,1,3170.0,Satellite,No Attempt,False,Mid
13,Thaicom 6,2014-01-06T18:06:00.000Z,2014,1,1,True,1.0,Unknown,Unknown,0,CCSFS SLC 40,Cape Canaveral,Florida,28.5618571,-80.577366,1,3325.0,Satellite,No Attempt,False,Mid
14,CRS-3,2014-04-18T19:25:00.000Z,2014,4,2,True,1.0,Unknown,Unknown,0,CCSFS SLC 40,Cape Canaveral,Florida,28.5618571,-80.577366,1,2296.0,Dragon 1.1,Success,False,Mid
15,OG-2 Mission 1,2014-07-14T15:15:00.000Z,2014,7,3,True,1.0,Unknown,Unknown,0,CCSFS SLC 40,Cape Canaveral,Florida,28.5618571,-80.577366,1,1316.0,Satellite,Success,False,Mid
16,AsiaSat 8,2014-08-05T08:00:00.000Z,2014,8,3,True,1.0,Unknown,Unknown,0,CCSFS SLC 40,Cape Canaveral,Florida,28.5618571,-80.577366,1,4535.0,Satellite,No Attempt,False,Mid
17,AsiaSat 6,2014-09-07T05:00:00.000Z,2014,9,3,True,1.0,Unknown,Unknown,0,CCSFS SLC 40,Cape Canaveral,Florida,28.5618571,-80.577366,1,4428.0,Satellite,No Attempt,False,Mid
18,CRS-4,2014-09-21T05:52:00.000Z,2014,9,3,True,1.0,Unknown,Unknown,0,CCSFS SLC 40,Cape Canaveral,Florida,28.5618571,-80.577366,1,2216.0,Dragon 1.1,Failed,False,Mid
19,CRS-5,2015-01-10T09:47:00.000Z,2015,1,1,True,1.0,Unknown,Unknown,0,CCSFS SLC 40,Cape Canaveral,Florida,28.5618571,-80.577366,1,2395.0,Dragon 1.1,Failed,False,Mid
20,DSCOVR,2015-02-11T23:03:00.000Z,2015,2,1,True,1.0,Unknown,Unknown,0,CCSFS SLC 40,Cape Canaveral,Florida,28.5618571,-80.577366,1,570.0,Satellite,Success,False,Mid
21,ABS-3A / Eutelsat 115W B,2015-03-02T03:50:00.000Z,2015,3,1,True,1.0,Unknown,Unknown,0,CCSFS SLC 40,Cape Canaveral,Florida,28.5618571,-80.577366,2,1954.0,Satellite,No Attempt,False,Mid
22,CRS-6,2015-04-14T20:10:00.000Z,2015,4,2,True,1.0,Unknown,Unknown,0,CCSFS SLC 40,Cape Canaveral,Florida,28.5618571,-80.577366,1,1898.0,Dragon 1.1,Failed,False,Mid
23,TürkmenÄlem 52°E / MonacoSAT,2015-04-27T23:03:00.000Z,2015,4,2,True,1.0,Unknown,Unknown,0,CCSFS SLC 40,Cape Canaveral,Florida,28.5618571,-80.577366,1,4707.0,Satellite,No Attempt,False,Mid
24,CRS-7,2015-06-28T14:21:00.000Z,2015,6,2,False,0.0,Unknown,Unknown,0,CCSFS SLC 40,Cape Canaveral,Florida,28.5618571,-80.577366,1,2477.0,Dragon 1.1,Failed,False,Mid
25,OG-2 Mission 2,2015-12-22T01:29:00.000Z,2015,12,4,True,1.0,Unknown,Unknown,0,CCSFS SLC 40,Cape Canaveral,Florida,28.5618571,-80.577366,1,2034.0,Satellite,Success,False,Mid
26,Jason 3,2016-01-17T15:42:00.000Z,2016,1,1,True,1.0,Unknown,Unknown,0,VAFB SLC 4E,Vandenberg Space Force Base,California,34.632093,-120.610829,1,553.0,Satellite,Failed,False,Recent
27,SES-9,2016-03-04T23:35:00.000Z,2016,3,1,True,1.0,Unknown,Unknown,0,CCSFS SLC 40,Cape Canaveral,Florida,28.5618571,-80.577366,1,5271.0,Satellite,Failed,False,Recent
28,CRS-8,2016-04-08T20:43:00.000Z,2016,4,2,True,1.0,Unknown,Unknown,0,CCSFS SLC 40,Cape Canaveral,Florida,28.5618571,-80.577366,1,3136.0,Dragon 1.1,Success,False,Recent
29,JCSAT-2B,2016-05-06T05:21:00.000Z,2016,5,2,True,1.0,Unknown,Unknown,0,CCSFS SLC 40,Cape Canaveral,Florida,28.5618571,-80.577366,1,4696.0,Satellite,Success,False,Recent
30,Thaicom 8,2016-05-27T21:39:00.000Z,2016,5,2,True,1.0,Unknown,Unknown,0,CCSFS SLC 40,Cape Canaveral,Florida,28.5618571,-80.577366,1,3100.0,Satellite,Success,False,Recent
31,ABS-2A / Eutelsat 117W B,2016-06-15T14:29:00.000Z,2016,6,2,True,1.0,Unknown,Unknown,0,CCSFS SLC 40,Cape Canaveral,Florida,28.5618571,-80.577366,2,1800.0,Satellite,Failed,False,Recent
32,CRS-9,2016-07-18T04:45:00.000Z,2016,7,3,True,1.0,Unknown,Unknown,0,CCSFS SLC 40,Cape Canaveral,Florida,28.5618571,-80.577366,1,2257.0,Dragon 1.1,Success,False,Recent
33,JCSAT-16,2016-08-14T05:26:00.000Z,2016,8,3,True,1.0,Unknown,Unknown,0,CCSFS SLC 40,Cape Canaveral,Florida,28.5618571,-80.577366,1,4600.0,Satellite,Success,False,Recent
34,Amos-6,2016-09-01T13:07:00.000Z,2016,9,3,False,0.0,Unknown,Unknown,0,CCSFS SLC 40,Cape Canaveral,Florida,28.5618571,-80.577366,1,5500.0,Satellite,Failed,False,Recent
35,Iridium NEXT Mission 1,2017-01-14T17:54:00.000Z,2017,1,1,True,1.0,Unknown,Unknown,0,VAFB SLC 4E,Vandenberg Space Force Base,California,34.632093,-120.610829,1,9600.0,Satellite,Success,False,Recent
36,CRS-10,2017-02-19T14:39:00.000Z,2017,2,1,True,1.0,Unknown,Unknown,0,KSC LC 39A,Cape Canaveral,Florida,28.6080585,-80.6039558,1,2490.0,Dragon 1.1,Success,False,Recent
37,EchoStar 23,2017-03-16T06:00:00.000Z,2017,3,1,True,1.0,Unknown,Unknown,0,KSC LC 39A,Cape Canaveral,Florida,28.6080585,-80.6039558,1,5600.0,Satellite,No Attempt,False,Recent
38,SES-10,2017-03-30T22:27:00.000Z,2017,3,1,True,1.0,Unknown,Unknown,0,KSC LC 39A,Cape Canaveral,Florida,28.6080585,-80.6039558,1,5300.0,Satellite,Success,True,Recent
39,NROL-76,2017-05-01T11:15:00.000Z,2017,5,2,True,1.0,Unknown,Unknown,0,KSC LC 39A,Cape Canaveral,Florida,28.6080585,-80.6039558,1,0.0,Satellite,Success,False,Recent
40,Inmarsat-5 F4,2017-05-15T23:21:00.000Z,2017,5,2,True,1.0,Unknown,Unknown,0,KSC LC 39A,Cape Canaveral,Florida,28.6080585,-80.6039558,1,6070.0,Satellite,No Attempt,False,Recent
41,CRS-11,2017-06-03T21:07:00.000Z,2017,6,2,True,1.0,Unknown,Unknown,0,KSC LC 39A,Cape Canaveral,Florida,28.6080585,-80.6039558,1,2708.0,Dragon 1.1,Success,False,Recent
42,BulgariaSat-1,2017-06-23T19:10:00.000Z,2017,6,2,True,1.0,Unknown,Unknown,0,KSC LC 39A,Cape Canaveral,Florida,28.6080585,-80.6039558,1,3669.0,Satellite,Success,True,Recent
43,Iridium NEXT Mission 2,2017-06-25T20:25:00.000Z,2017,6,2,True,1.0,Unknown,Unknown,0,VAFB SLC 4E,Vandenberg Space Force Base,California,34.632093,-120.610829,1,9600.0,Satellite,Success,False,Recent
44,Intelsat 35e,2017-07-05T23:35:00.000Z,2017,7,3,True,1.0,Unknown,Unknown,0,KSC LC 39A,Cape Canaveral,Florida,28.6080585,-80.6039558,1,6761.0,Satellite,No Attempt,False,Recent
45,CRS-12,2017-08-14T16:31:00.000Z,2017,8,3,True,1.0,Unknown,Unknown,0,KSC LC 39A,Cape Canaveral,Florida,28.6080585,-80.6039558,1,2910.0,Dragon 1.1,Success,False,Recent
46,FormoSat-5,2017-08-24T18:50:00.000Z,2017,8,3,True,1.0,Unknown,Unknown,0,VAFB SLC 4E,Vandenberg Space Force Base,California,34.632093,-120.610829,1,475.0,Satellite,Success,False,Recent
47,Boeing X-37B OTV-5,2017-09-07T13:50:00.000Z,2017,9,3,True,1.0,Unknown,Unknown,0,KSC LC 39A,Cape Canaveral,Florida,28.6080585,-80.6039558,1,4990.0,Satellite,Success,False,Recent
48,Iridium NEXT Mission 3,2017-10-09T12:37:00.000Z,2017,10,4,True,1.0,Unknown,Unknown,0,VAFB SLC 4E,Vandenberg Space Force Base,California,34.632093,-120.610829,1,9600.0,Satellite,Success,False,Recent
49,SES-11 / Echostar 105,2017-10-11T22:53:00.000Z,2017,10,4,True,1.0,Unknown,Unknown,0,KSC LC 39A,Cape Canaveral,Florida,28.6080585,-80.6039558,1,5200.0,Satellite,Success,True,Recent
50,KoreaSat 5A,2017-10-30T19:34:00.000Z,2017,10,4,True,1.0,Unknown,Unknown,0,KSC LC 39A,Cape Canaveral,Florida,28.6080585,-80.6039558,1,3700.0,Satellite,Success,False,Recent
51,CRS-13,2017-12-15T15:36:00.000Z,2017,12,4,True,1.0,Unknown,Unknown,0,CCSFS SLC 40,Cape Canaveral,Florida,28.5618571,-80.577366,1,2205.0,Dragon 1.1,Success,True,Recent
52,Iridium NEXT Mission 4,2017-12-23T01:27:23.000Z,2017,12,4,True,1.0,Unknown,Unknown,0,VAFB SLC 4E,Vandenberg Space Force Base,California,34.632093,-120.610829,1,9600.0,Satellite,Success,True,Recent
53,ZUMA,2018-01-08T01:00:00.000Z,2018,1,1,True,1.0,Unknown,Unknown,0,CCSFS SLC 40,Cape Canaveral,Florida,28.5618571,-80.577366,1,0.0,Satellite,Success,False,Recent
54,SES-16 / GovSat-1,2018-01-31T21:25:00.000Z,2018,1,1,True,1.0,Unknown,Unknown,0,CCSFS SLC 40,Cape Canaveral,Florida,28.5618571,-80.577366,1,4230.0,Satellite,Success,True,Recent
55,Falcon Heavy Test Flight,2018-02-06T20:45:00.000Z,2018,2,1,True,1.0,Unknown,Unknown,0,KSC LC 39A,Cape Canaveral,Florida,28.6080585,-80.6039558,1,1350.0,Satellite,Failed,False,Recent
56,Paz / Starlink Demo,2018-02-22T14:17:00.000Z,2018,2,1,True,1.0,Unknown,Unknown,0,VAFB SLC 4E,Vandenberg Space Force Base,California,34.632093,-120.610829,2,1350.0,Satellite,No Attempt,True,Recent
57,Hispasat 30W-6,2018-03-06T05:33:00.000Z,2018,3,1,True,1.0,Unknown,Unknown,0,CCSFS SLC 40,Cape Canaveral,Florida,28.5618571,-80.577366,1,6092.0,Satellite,No Attempt,False,Recent
58,Iridium NEXT Mission 5,2018-03-30T14:13:51.000Z,2018,3,1,True,1.0,Unknown,Unknown,0,VAFB SLC 4E,Vandenberg Space Force Base,California,34.632093,-120.610829,1,9600.0,Satellite,No Attempt,True,Recent
59,CRS-14,2018-04-02T20:30:41.000Z,2018,4,2,True,1.0,Unknown,Unknown,0,CCSFS SLC 40,Cape Canaveral,Florida,28.5618571,-80.577366,1,2760.0,Dragon 1.1,No Attempt,True,Recent
60,TESS,2018-04-18T22:51:00.000Z,2018,4,2,True,1.0,Unknown,Unknown,0,CCSFS SLC 40,Cape Canaveral,Florida,28.5618571,-80.577366,1,350.0,Satellite,Success,False,Recent
61,Bangabandhu-1,2018-05-11T20:14:00.000Z,2018,5,2,True,1.0,Unknown,Unknown,0,KSC LC 39A,Cape Canaveral,Florida,28.6080585,-80.6039558,1,3750.0,Satellite,Success,False,Recent
62,Iridium NEXT Mission 6,2018-05-22T19:47:58.000Z,2018,5,2,True,1.0,Unknown,Unknown,0,VAFB SLC 4E,Vandenberg Space Force Base,California,34.632093,-120.610829,2,4300.0,Satellite,No Attempt,True,Recent
63,SES-12,2018-06-04T04:45:00.000Z,2018,6,2,True,1.0,Unknown,Unknown,0,CCSFS SLC 40,Cape Canaveral,Florida,28.5618571,-80.577366,1,5383.85,Satellite,No Attempt,True,Recent
64,CRS-15,2018-06-29T09:42:00.000Z,2018,6,2,True,1.0,Unknown,Unknown,0,CCSFS SLC 40,Cape Canaveral,Florida,28.5618571,-80.577366,1,2410.0,Dragon 1.1,No Attempt,True,Recent
65,Telstar 19V,2018-07-22T05:50:00.000Z,2018,7,3,True,1.0,Unknown,Unknown,0,CCSFS SLC 40,Cape Canaveral,Florida,28.5618571,-80.577366,1,7076.0,Satellite,Success,False,Recent
66,Iridium NEXT Mission 7,2018-07-25T11:39:26.000Z,2018,7,3,True,1.0,Unknown,Unknown,0,VAFB SLC 4E,Vandenberg Space Force Base,California,34.632093,-120.610829,1,9600.0,Satellite,Success,False,Recent
67,Merah Putih,2018-08-07T05:18:00.000Z,2018,8,3,True,1.0,Unknown,Unknown,0,CCSFS SLC 40,Cape Canaveral,Florida,28.5618571,-80.577366,1,5800.0,Satellite,Success,True,Recent
68,Telstar 18V,2018-09-10T04:45:00.000Z,2018,9,3,True,1.0,Unknown,Unknown,0,CCSFS SLC 40,Cape Canaveral,Florida,28.5618571,-80.577366,1,7060.0,Satellite,Success,False,Recent
69,SAOCOM 1A,2018-10-08T02:22:00.000Z,2018,10,4,True,1.0,Unknown,Unknown,0,VAFB SLC 4E,Vandenberg Space Force Base,California,34.632093,-120.610829,1,2800.0,Satellite,Success,True,Recent
70,Es’hail 2,2018-11-15T20:46:00.000Z,2018,11,4,True,1.0,Unknown,Unknown,0,KSC LC 39A,Cape Canaveral,Florida,28.6080585,-80.6039558,1,3000.0,Satellite,Success,True,Recent
71,SSO-A,2018-12-03T18:34:00.000Z,2018,12,4,True,1.0,Unknown,Unknown,0,VAFB SLC 4E,Vandenberg Space Force Base,California,34.632093,-120.610829,1,4000.0,Satellite,Success,True,Recent
72,CRS-16,2018-12-05T18:16:00.000Z,2018,12,4,True,1.0,Unknown,Unknown,0,CCSFS SLC 40,Cape Canaveral,Florida,28.5618571,-80.577366,1,2573.0,Dragon 1.1,Failed,False,Recent
73,GPS III SV01,2018-12-23T13:51:00.000Z,2018,12,4,True,1.0,Unknown,Unknown,0,CCSFS SLC 40,Cape Canaveral,Florida,28.5618571,-80.577366,1,4400.0,Satellite,No Attempt,False,Recent
74,Iridium NEXT Mission 8,2019-01-11T15:31:00.000Z,2019,1,1,True,1.0,Unknown,Unknown,0,VAFB SLC 4E,Vandenberg Space Force Base,California,34.632093,-120.610829,1,9600.0,Satellite,Success,True,Recent
75,Nusantara Satu (PSN-6) / S5 / Beresheet,2019-02-22T01:45:00.000Z,2019,2,1,True,1.0,Unknown,Unknown,0,CCSFS SLC 40,Cape Canaveral,Florida,28.5618571,-80.577366,3,5000.0,Satellite,Success,True,Recent
76,CCtCap Demo Mission 1,2019-03-02T07:45:00.000Z,2019,3,1,True,1.0,Unknown,Unknown,0,KSC LC 39A,Cape Canaveral,Florida,28.6080585,-80.6039558,1,12259.0,Crew Dragon,Success,False,Recent
77,ArabSat 6A,2019-04-11T22:35:00.000Z,2019,4,2,True,1.0,Unknown,Unknown,0,KSC LC 39A,Cape Canaveral,Florida,28.6080585,-80.6039558,1,6000.0,Satellite,Success,False,Recent
78,CRS-17,2019-05-04T06:48:00.000Z,2019,5,2,True,1.0,Unknown,Unknown,0,CCSFS SLC 40,Cape Canaveral,Florida,28.5618571,-80.577366,1,2482.0,Dragon 1.1,Success,False,Recent
79,Starlink v0.9,2019-05-24T02:30:00.000Z,2019,5,2,True,1.0,Unknown,Unknown,0,CCSFS SLC 40,Cape Canaveral,Florida,28.5618571,-80.577366,1,13200.0,Satellite,Success,True,Recent
80,RADARSAT Constellation,2019-06-12T14:17:00.000Z,2019,6,2,True,1.0,Unknown,Unknown,0,VAFB SLC 4E,Vandenberg Space Force Base,California,34.632093,-120.610829,1,1425.0,Satellite,Success,True,Recent
81,STP-2,2019-06-25T03:30:00.000Z,2019,6,2,True,1.0,Unknown,Unknown,0,KSC LC 39A,Cape Canaveral,Florida,28.6080585,-80.6039558,16,600.0,Satellite,Failed,False,Recent
82,CRS-18,2019-07-25T22:01:00.000Z,2019,7,3,True,1.0,Unknown,Unknown,0,CCSFS SLC 40,Cape Canaveral,Florida,28.5618571,-80.577366,1,2227.7,Dragon 1.1,Success,True,Recent
83,Amos-17,2019-08-06T22:52:00.000Z,2019,8,3,True,1.0,Unknown,Unknown,0,CCSFS SLC 40,Cape Canaveral,Florida,28.5618571,-80.577366,1,6500.0,Satellite,No Attempt,True,Recent
84,Starlink-1,2019-11-11T14:56:00.000Z,2019,11,4,True,1.0,Unknown,Unknown,0,CCSFS SLC 40,Cape Canaveral,Florida,28.5618571,-80.577366,1,15600.0,Satellite,Success,True,Recent
85,CRS-19,2019-12-05T17:29:23.000Z,2019,12,4,True,1.0,Unknown,Unknown,0,CCSFS SLC 40,Cape Canaveral,Florida,28.5618571,-80.577366,1,5000.0,Dragon 1.1,Success,False,Recent
86,JCSat 18 / Kacific 1,2019-12-17T00:10:00.000Z,2019,12,4,True,1.0,Unknown,Unknown,0,CCSFS SLC 40,Cape Canaveral,Florida,28.5618571,-80.577366,1,6800.0,Satellite,Success,True,Recent
87,Starlink-2,2020-01-07T02:19:00.000Z,2020,1,1,True,1.0,Unknown,Unknown,0,CCSFS SLC 40,Cape Canaveral,Florida,28.5618571,-80.577366,1,15600.0,Satellite,Success,True,Recent
88,Crew Dragon In Flight Abort Test,2020-01-19T14:00:00.000Z,2020,1,1,True,1.0,Unknown,Unknown,0,KSC LC 39A,Cape Canaveral,Florida,28.6080585,-80.6039558,1,0.0,Crew Dragon,No Attempt,True,Recent
89,Starlink-3,2020-01-29T14:06:00.000Z,2020,1,1,True,1.0,Unknown,Unknown,0,CCSFS SLC 40,Cape Canaveral,Florida,28.5618571,-80.577366,1,15600.0,Satellite,Success,True,Recent
90,Starlink-4,2020-02-17T15:05:55.000Z,2020,2,1,True,1.0,Unknown,Unknown,0,CCSFS SLC 40,Cape Canaveral,Florida,28.5618571,-80.577366,1,15600.0,Satellite,Failed,True,Recent
91,CRS-20,2020-03-07T04:50:31.000Z,2020,3,1,True,1.0,Unknown,Unknown,0,CCSFS SLC 40,Cape Canaveral,Florida,28.5618571,-80.577366,1,1977.0,Dragon 1.1,Success,True,Recent
92,Starlink-5,2020-03-18T12:16:00.000Z,2020,3,1,True,1.0,Unknown,Unknown,0,KSC LC 39A,Cape Canaveral,Florida,28.6080585,-80.6039558,1,15600.0,Satellite,Failed,True,Recent
93,Starlink-6,2020-04-22T19:30:00.000Z,2020,4,2,True,1.0,Unknown,Unknown,0,KSC LC 39A,Cape Canaveral,Florida,28.6080585,-80.6039558,1,15600.0,Satellite,Success,True,Recent
94,CCtCap Demo Mission 2,2020-05-30T19:22:00.000Z,2020,5,2,True,1.0,Unknown,Unknown,0,KSC LC 39A,Cape Canaveral,Florida,28.6080585,-80.6039558,1,9525.0,Crew Dragon,Success,False,Recent
95,Starlink-7,2020-06-04T01:25:00.000Z,2020,6,2,True,1.0,Unknown,Unknown,0,CCSFS SLC 40,Cape Canaveral,Florida,28.5618571,-80.577366,1,15600.0,Satellite,Success,True,Recent
96,Starlink-8 & SkySat 16-18,2020-06-13T09:21:00.000Z,2020,6,2,True,1.0,Unknown,Unknown,0,CCSFS SLC 40,Cape Canaveral,Florida,28.5618571,-80.577366,1,15600.0,Satellite,Success,True,Recent
97,GPS III SV03 (Columbus),2020-06-30T19:55:00.000Z,2020,6,2,True,1.0,Unknown,Unknown,0,CCSFS SLC 40,Cape Canaveral,Florida,28.5618571,-80.577366,1,3880.0,Satellite,Success,False,Recent
98,ANASIS-II,2020-07-20T21:30:00.000Z,2020,7,3,True,1.0,Unknown,Unknown,0,CCSFS SLC 40,Cape Canaveral,Florida,28.5618571,-80.577366,1,0.0,Satellite,Success,True,Recent
99,Starlink-9 (v1.0) & BlackSky Global 5-6,2020-08-07T05:12:00.000Z,2020,8,3,True,1.0,Unknown,Unknown,0,KSC LC 39A,Cape Canaveral,Florida,28.6080585,-80.6039558,2,15600.0,Satellite,Success,True,Recent
100,Starlink-10 (v1.0) & SkySat 19-21,2020-08-18T14:31:00.000Z,2020,8,3,True,1.0,Unknown,Unknown,0,CCSFS SLC 40,Cape Canaveral,Florida,28.5618571,-80.577366,1,15600.0,Satellite,Success,True,Recent
101,"SAOCOM 1B, GNOMES-1, Tyvak-0172",2020-08-30T23:18:00.000Z,2020,8,3,True,1.0,Unknown,Unknown,0,CCSFS SLC 40,Cape Canaveral,Florida,28.5618571,-80.577366,1,1600.0,Satellite,Success,True,Recent
102,Starlink-11 (v1.0),2020-09-03T12:46:00.000Z,2020,9,3,True,1.0,Unknown,Unknown,0,KSC LC 39A,Cape Canaveral,Florida,28.6080585,-80.6039558,1,15600.0,Satellite,Success,True,Recent
103,Starlink-12 (v1.0),2020-10-06T11:29:00.000Z,2020,10,4,True,1.0,Unknown,Unknown,0,KSC LC 39A,Cape Canaveral,Florida,28.6080585,-80.6039558,1,15600.0,Satellite,Success,True,Recent
104,Starlink-13 (v1.0),2020-10-18T12:25:00.000Z,2020,10,4,True,1.0,Unknown,Unknown,0,KSC LC 39A,Cape Canaveral,Florida,28.6080585,-80.6039558,1,15600.0,Satellite,Success,True,Recent
105,Starlink-14 (v1.0),2020-10-24T15:31:00.000Z,2020,10,4,True,1.0,Unknown,Unknown,0,CCSFS SLC 40,Cape Canaveral,Florida,28.5618571,-80.577366,1,15600.0,Satellite,Success,True,Recent
106,GPS III SV04 (Sacagawea),2020-11-05T23:24:00.000Z,2020,11,4,True,1.0,Unknown,Unknown,0,CCSFS SLC 40,Cape Canaveral,Florida,28.5618571,-80.577366,1,3681.0,Satellite,Success,False,Recent
107,Crew-1,2020-11-16T00:27:00.000Z,2020,11,4,True,1.0,Unknown,Unknown,0,KSC LC 39A,Cape Canaveral,Florida,28.6080585,-80.6039558,1,0.0,Crew Dragon,Success,False,Recent
108,Sentinel-6 Michael Freilich,2020-11-21T17:17:00.000Z,2020,11,4,True,1.0,Unknown,Unknown,0,VAFB SLC 4E,Vandenberg Space Force Base,California,34.632093,-120.610829,1,1440.0,Satellite,Success,False,Recent
109,Starlink-15 (v1.0),2020-11-25T02:13:00.000Z,2020,11,4,True,1.0,Unknown,Unknown,0,CCSFS SLC 40,Cape Canaveral,Florida,28.5618571,-80.577366,1,15600.0,Satellite,Success,True,Recent
110,CRS-21,2020-12-06T16:17:00.000Z,2020,12,4,True,1.0,Unknown,Unknown,0,KSC LC 39A,Cape Canaveral,Florida,28.6080585,-80.6039558,1,2972.0,Dragon 2.0,Success,True,Recent
111,SXM-7,2020-12-13T17:30:00.000Z,2020,12,4,True,1.0,Unknown,Unknown,0,CCSFS SLC 40,Cape Canaveral,Florida,28.5618571,-80.577366,1,7000.0,Satellite,Success,True,Recent
112,NROL-108,2020-12-19T14:00:00.000Z,2020,12,4,True,1.0,Unknown,Unknown,0,KSC LC 39A,Cape Canaveral,Florida,28.6080585,-80.6039558,1,0.0,Satellite,Success,True,Recent
113,Turksat 5A,2021-01-08T02:15:00.000Z,2021,1,1,True,1.0,Unknown,Unknown,0,CCSFS SLC 40,Cape Canaveral,Florida,28.5618571,-80.577366,1,3500.0,Satellite,Success,True,Current
114,Starlink-16 (v1.0),2021-01-20T13:02:00.000Z,2021,1,1,True,1.0,Unknown,Unknown,0,KSC LC 39A,Cape Canaveral,Florida,28.6080585,-80.6039558,1,15600.0,Satellite,Success,True,Current
115,Transporter-1,2021-01-24T15:00:00.000Z,2021,1,1,True,1.0,Unknown,Unknown,0,CCSFS SLC 40,Cape Canaveral,Florida,28.5618571,-80.577366,1,0.0,Satellite,Success,True,Current
116,Starlink-18 (v1.0),2021-02-04T06:19:00.000Z,2021,2,1,True,1.0,Unknown,Unknown,0,CCSFS SLC 40,Cape Canaveral,Florida,28.5618571,-80.577366,1,15600.0,Satellite,Success,True,Current
117,Starlink-19 (v1.0),2021-02-16T03:59:00.000Z,2021,2,1,True,1.0,Unknown,Unknown,0,CCSFS SLC 40,Cape Canaveral,Florida,28.5618571,-80.577366,1,15600.0,Satellite,Failed,True,Current
118,Starlink-17 (v1.0),2021-03-04T08:24:00.000Z,2021,3,1,True,1.0,Unknown,Unknown,0,KSC LC 39A,Cape Canaveral,Florida,28.6080585,-80.6039558,1,15600.0,Satellite,Success,True,Current
119,Starlink-20 (v1.0),2021-03-11T08:13:00.000Z,2021,3,1,True,1.0,Unknown,Unknown,0,CCSFS SLC 40,Cape Canaveral,Florida,28.5618571,-80.577366,1,15600.0,Satellite,Success,True,Current
120,Starlink-21 (v1.0),2021-03-14T10:01:00.000Z,2021,3,1,True,1.0,Unknown,Unknown,0,KSC LC 39A,Cape Canaveral,Florida,28.6080585,-80.6039558,1,15600.0,Satellite,Success,True,Current
121,Starlink-22 (v1.0),2021-03-24T08:28:00.000Z,2021,3,1,True,1.0,Unknown,Unknown,0,CCSFS SLC 40,Cape Canaveral,Florida,28.5618571,-80.577366,1,15600.0,Satellite,Success,True,Current
122,Starlink-23 (v1.0),2021-04-07T16:34:00.000Z,2021,4,2,True,1.0,Unknown,Unknown,0,CCSFS SLC 40,Cape Canaveral,Florida,28.5618571,-80.577366,1,15600.0,Satellite,Success,True,Current
123,Crew-2,2021-04-23T09:49:00.000Z,2021,4,2,True,1.0,Unknown,Unknown,0,KSC LC 39A,Cape Canaveral,Florida,28.6080585,-80.6039558,1,0.0,Crew Dragon,Success,True,Current
124,Starlink-24 (v1.0),2021-04-29T03:44:00.000Z,2021,4,2,True,1.0,Unknown,Unknown,0,CCSFS SLC 40,Cape Canaveral,Florida,28.5618571,-80.577366,1,15600.0,Satellite,Success,True,Current
125,Starlink-25 (v1.0),2021-05-04T19:01:00.000Z,2021,5,2,True,1.0,Unknown,Unknown,0,KSC LC 39A,Cape Canaveral,Florida,28.6080585,-80.6039558,1,15600.0,Satellite,Success,True,Current
126,Starlink-27 (v1.0),2021-05-09T06:42:00.000Z,2021,5,2,True,1.0,Unknown,Unknown,0,CCSFS SLC 40,Cape Canaveral,Florida,28.5618571,-80.577366,1,15600.0,Satellite,Success,True,Current
127,Starlink-26 (v1.0) + Capella-6 + Tyvak-0130,2021-05-15T22:54:00.000Z,2021,5,2,True,1.0,Unknown,Unknown,0,KSC LC 39A,Cape Canaveral,Florida,28.6080585,-80.6039558,3,13520.0,Satellite,Success,True,Current
128,Starlink-28 (v1.0),2021-05-26T18:59:00.000Z,2021,5,2,True,1.0,Unknown,Unknown,0,CCSFS SLC 40,Cape Canaveral,Florida,28.5618571,-80.577366,1,15600.0,Satellite,Success,True,Current
129,CRS-22 & IROSA,2021-06-03T17:29:00.000Z,2021,6,2,True,1.0,Unknown,Unknown,0,KSC LC 39A,Cape Canaveral,Florida,28.6080585,-80.6039558,1,3328.0,Dragon 2.0,Success,False,Current
130,SXM-8,2021-06-06T04:26:00.000Z,2021,6,2,True,1.0,Unknown,Unknown,0,CCSFS SLC 40,Cape Canaveral,Florida,28.5618571,-80.577366,1,7000.0,Satellite,Success,True,Current
131,GPS III SV05,2021-06-17T16:09:00.000Z,2021,6,2,True,1.0,Unknown,Unknown,0,CCSFS SLC 40,Cape Canaveral,Florida,28.5618571,-80.577366,1,3681.0,Satellite,Success,True,Current
132,Transporter-2,2021-06-30T19:31:00.000Z,2021,6,2,True,1.0,Unknown,Unknown,0,CCSFS SLC 40,Cape Canaveral,Florida,28.5618571,-80.577366,1,0.0,Satellite,Success,True,Current
133,CRS-23,2021-08-29T07:14:00.000Z,2021,8,3,True,1.0,Unknown,Unknown,0,KSC LC 39A,Cape Canaveral,Florida,28.6080585,-80.6039558,1,0.0,Dragon 2.0,Success,True,Current
134,Starlink 2-1 (v1.5),2021-09-14T03:55:00.000Z,2021,9,3,True,1.0,Unknown,Unknown,0,VAFB SLC 4E,Vandenberg Space Force Base,California,34.632093,-120.610829,1,15600.0,Satellite,Success,True,Current
135,Inspiration4,2021-09-16T00:02:00.000Z,2021,9,3,True,1.0,Unknown,Unknown,0,KSC LC 39A,Cape Canaveral,Florida,28.6080585,-80.6039558,1,0.0,Crew Dragon,Success,True,Current
136,Crew-3,2021-11-11T02:03:00.000Z,2021,11,4,True,1.0,Unknown,Unknown,0,KSC LC 39A,Cape Canaveral,Florida,28.6080585,-80.6039558,1,12519.0,Crew Dragon,Success,True,Current
137,Starlink 4-1 (v1.5),2021-11-13T12:40:00.000Z,2021,11,4,True,1.0,Unknown,Unknown,0,CCSFS SLC 40,Cape Canaveral,Florida,28.5618571,-80.577366,1,13260.0,Satellite,Success,True,Current
138,DART,2021-11-24T06:20:00.000Z,2021,11,4,True,1.0,Unknown,Unknown,0,VAFB SLC 4E,Vandenberg Space Force Base,California,34.632093,-120.610829,1,670.0,Satellite,Success,True,Current
139,Starlink 4-3 (v1.5),2021-12-01T23:20:00.000Z,2021,12,4,True,1.0,Unknown,Unknown,0,CCSFS SLC 40,Cape Canaveral,Florida,28.5618571,-80.577366,1,13260.0,Satellite,Success,True,Current
140,IXPE,2021-12-09T06:00:00.000Z,2021,12,4,True,1.0,Unknown,Unknown,0,KSC LC 39A,Cape Canaveral,Florida,28.6080585,-80.6039558,1,330.0,Satellite,Success,True,Current
141,Starlink 4-4 (v1.5),2021-12-18T12:41:40.000Z,2021,12,4,True,1.0,Unknown,Unknown,0,VAFB SLC 4E,Vandenberg Space Force Base,California,34.632093,-120.610829,1,13260.0,Satellite,Success,True,Current
142,Türksat 5B,2021-12-19T03:58:00.000Z,2021,12,4,True,1.0,Unknown,Unknown,0,CCSFS SLC 40,Cape Canaveral,Florida,28.5618571,-80.577366,1,3500.0,Satellite,Success,True,Current
143,CRS-24,2021-12-21T10:06:00.000Z,2021,12,4,True,1.0,Unknown,Unknown,0,KSC LC 39A,Cape Canaveral,Florida,28.6080585,-80.6039558,1,0.0,Dragon 2.0,Success,False,Current
144,Starlink 4-5 (v1.5),2022-01-06T21:49:00.000Z,2022,1,1,True,1.0,Unknown,Unknown,0,KSC LC 39A,Cape Canaveral,Florida,28.6080585,-80.6039558,1,13260.0,Satellite,Success,True,Current
145,Transporter-3,2022-01-13T15:25:00.000Z,2022,1,1,True,1.0,Unknown,Unknown,0,CCSFS SLC 40,Cape Canaveral,Florida,28.5618571,-80.577366,1,0.0,Satellite,Success,True,Current
146,Starlink 4-6 (v1.5),2022-01-19T00:04:00.000Z,2022,1,1,True,1.0,Unknown,Unknown,0,KSC LC 39A,Cape Canaveral,Florida,28.6080585,-80.6039558,1,13260.0,Satellite,Success,True,Current
147,CSG-2,2022-01-31T23:11:12.000Z,2022,1,1,True,1.0,Unknown,Unknown,0,CCSFS SLC 40,Cape Canaveral,Florida,28.5618571,-80.577366,1,2240.0,Satellite,Success,True,Current
148,NROL-87,2022-02-02T20:18:00.000Z,2022,2,1,True,1.0,Unknown,Unknown,0,VAFB SLC 4E,Vandenberg Space Force Base,California,34.632093,-120.610829,1,0.0,Satellite,Success,False,Current
149,Starlink 4-7 (v1.5),2022-02-03T18:13:00.000Z,2022,2,1,True,1.0,Unknown,Unknown,0,KSC LC 39A,Cape Canaveral,Florida,28.6080585,-80.6039558,1,13260.0,Satellite,Success,True,Current
150,Starlink 4-8 (v1.5),2022-02-21T14:44:00.000Z,2022,2,1,True,1.0,Unknown,Unknown,0,CCSFS SLC 40,Cape Canaveral,Florida,28.5618571,-80.577366,1,13260.0,Satellite,Success,True,Current
151,Starlink 4-11 (v1.5),2022-02-25T17:12:00.000Z,2022,2,1,True,1.0,Unknown,Unknown,0,VAFB SLC 4E,Vandenberg Space Force Base,California,34.632093,-120.610829,1,13260.0,Satellite,Success,True,Current
152,Starlink 4-9 (v1.5),2022-03-03T14:35:00.000Z,2022,3,1,True,1.0,Unknown,Unknown,0,KSC LC 39A,Cape Canaveral,Florida,28.6080585,-80.6039558,1,13260.0,Satellite,Success,True,Current
153,Starlink 4-10 (v1.5),2022-03-09T13:45:00.000Z,2022,3,1,True,1.0,Unknown,Unknown,0,CCSFS SLC 40,Cape Canaveral,Florida,28.5618571,-80.577366,1,13260.0,Satellite,Success,True,Current
154,Starlink 4-12 (v1.5),2022-03-19T03:24:00.000Z,2022,3,1,True,1.0,Unknown,Unknown,0,CCSFS SLC 40,Cape Canaveral,Florida,28.5618571,-80.577366,1,13260.0,Satellite,Success,True,Current
155,Transporter-4,2022-04-01T16:24:00.000Z,2022,4,2,True,1.0,Unknown,Unknown,0,CCSFS SLC 40,Cape Canaveral,Florida,28.5618571,-80.577366,1,0.0,Satellite,Success,True,Current
156,Ax-1,2022-04-08T15:17:00.000Z,2022,4,2,True,1.0,Unknown,Unknown,0,KSC LC 39A,Cape Canaveral,Florida,28.6080585,-80.6039558,1,0.0,Dragon 2.0,Success,True,Current
157,NROL-85,2022-04-17T13:13:00.000Z,2022,4,2,True,1.0,Unknown,Unknown,0,VAFB SLC 4E,Vandenberg Space Force Base,California,34.632093,-120.610829,1,0.0,Satellite,Success,True,Current
158,Starlink 4-14 (v1.5),2022-04-21T15:16:00.000Z,2022,4,2,True,1.0,Unknown,Unknown,0,CCSFS SLC 40,Cape Canaveral,Florida,28.5618571,-80.577366,1,13260.0,Satellite,Success,True,Current
159,Crew-4,2022-04-27T07:52:00.000Z,2022,4,2,True,1.0,Unknown,Unknown,0,KSC LC 39A,Cape Canaveral,Florida,28.6080585,-80.6039558,1,0.0,Crew Dragon,Success,True,Current
160,Starlink 4-16 (v1.5),2022-04-29T21:27:00.000Z,2022,4,2,True,1.0,Unknown,Unknown,0,CCSFS SLC 40,Cape Canaveral,Florida,28.5618571,-80.577366,1,13260.0,Satellite,Success,True,Current
161,Starlink 4-17 (v1.5),2022-05-06T09:42:00.000Z,2022,5,2,True,1.0,Unknown,Unknown,0,KSC LC 39A,Cape Canaveral,Florida,28.6080585,-80.6039558,1,13260.0,Satellite,Success,True,Current
162,Starlink 4-13 (v1.5),2022-05-13T22:07:00.000Z,2022,5,2,True,1.0,Unknown,Unknown,0,VAFB SLC 4E,Vandenberg Space Force Base,California,34.632093,-120.610829,1,13260.0,Satellite,Success,True,Current
163,Starlink 4-15 (v1.5),2022-05-14T20:40:00.000Z,2022,5,2,True,1.0,Unknown,Unknown,0,CCSFS SLC 40,Cape Canaveral,Florida,28.5618571,-80.577366,1,13260.0,Satellite,Success,False,Current
164,Starlink 4-18 (v1.5),2022-05-18T10:40:00.000Z,2022,5,2,True,1.0,Unknown,Unknown,0,KSC LC 39A,Cape Canaveral,Florida,28.6080585,-80.6039558,1,13260.0,Satellite,Success,True,Current
165,Transporter-5,2022-05-25T18:27:00.000Z,2022,5,2,True,1.0,Unknown,Unknown,0,CCSFS SLC 40,Cape Canaveral,Florida,28.5618571,-80.577366,1,0.0,Satellite,Success,True,Current
166,Nilesat-301,2022-06-08T21:04:00.000Z,2022,6,2,True,1.0,Unknown,Unknown,0,CCSFS SLC 40,Cape Canaveral,Florida,28.5618571,-80.577366,1,3938.0,Satellite,Success,True,Current
167,Starlink 4-19 (v1.5),2022-06-01T17:08:50.000Z,2022,6,2,True,1.0,Unknown,Unknown,0,KSC LC 39A,Cape Canaveral,Florida,28.6080585,-80.6039558,1,13260.0,Satellite,Success,True,Current
168,SARah 1,2022-06-18T14:19:00.000Z,2022,6,2,True,1.0,Unknown,Unknown,0,VAFB SLC 4E,Vandenberg Space Force Base,California,34.632093,-120.610829,1,2200.0,Satellite,Success,True,Current
169,Globalstar FM15,2022-06-19T04:27:00.000Z,2022,6,2,True,1.0,Unknown,Unknown,0,CCSFS SLC 40,Cape Canaveral,Florida,28.5618571,-80.577366,1,700.0,Satellite,Success,True,Current
170,SES-22,2022-06-29T21:04:00.000Z,2022,6,2,True,1.0,Unknown,Unknown,0,CCSFS SLC 40,Cape Canaveral,Florida,28.5618571,-80.577366,1,3500.0,Satellite,Success,True,Current
171,Starlink 4-21 (v1.5),2022-07-07T13:11:00.000Z,2022,7,3,True,1.0,Unknown,Unknown,0,CCSFS SLC 40,Cape Canaveral,Florida,28.5618571,-80.577366,1,13260.0,Satellite,Success,True,Current
172,Starlink 3-1 (v1.5),2022-07-11T01:39:00.000Z,2022,7,3,,0.9731182795698925,Unknown,Unknown,0,VAFB SLC 4E,Vandenberg Space Force Base,California,34.632093,-120.610829,1,13260.0,Satellite,Success,True,Current
173,CRS-25,2022-07-15T00:44:00.000Z,2022,7,3,True,1.0,Unknown,Unknown,0,KSC LC 39A,Cape Canaveral,Florida,28.6080585,-80.6039558,1,0.0,Dragon 2.0,Success,True,Current
174,Starlink 4-22 (v1.5),2022-07-17T14:50:00.000Z,2022,7,3,True,1.0,Unknown,Unknown,0,CCSFS SLC 40,Cape Canaveral,Florida,28.5618571,-80.577366,1,13260.0,Satellite,Success,True,Current
175,Starlink 3-2 (v1.5),2022-07-21T17:13:00.000Z,2022,7,3,True,1.0,Unknown,Unknown,0,VAFB SLC 4E,Vandenberg Space Force Base,California,34.632093,-120.610829,1,13260.0,Satellite,Success,True,Current
176,Starlink 4-25 (v1.5),2022-07-24T00:00:00.000Z,2022,7,3,True,1.0,Unknown,Unknown,0,CCSFS SLC 40,Cape Canaveral,Florida,28.5618571,-80.577366,1,13260.0,Satellite,Success,True,Current
177,KPLO,2022-08-04T23:08:00.000Z,2022,8,3,True,1.0,Unknown,Unknown,0,CCSFS SLC 40,Cape Canaveral,Florida,28.5618571,-80.577366,1,678.0,Satellite,Success,True,Current
178,Starlink 4-26 (v1.5),2022-08-09T22:57:00.000Z,2022,8,3,True,1.0,Unknown,Unknown,0,KSC LC 39A,Cape Canaveral,Florida,28.6080585,-80.6039558,1,13260.0,Satellite,Success,True,Current
179,Starlink 3-3 (v1.5),2022-08-12T21:30:00.000Z,2022,8,3,True,1.0,Unknown,Unknown,0,VAFB SLC 4E,Vandenberg Space Force Base,California,34.632093,-120.610829,1,13260.0,Satellite,Success,True,Current
180,Starlink 4-27 (v1.5),2022-08-19T19:24:00.000Z,2022,8,3,True,1.0,Unknown,Unknown,0,CCSFS SLC 40,Cape Canaveral,Florida,28.5618571,-80.577366,1,13260.0,Satellite,Success,True,Current
181,Starlink 4-23 (v1.5),2022-08-28T02:22:00.000Z,2022,8,3,True,1.0,Unknown,Unknown,0,KSC LC 39A,Cape Canaveral,Florida,28.6080585,-80.6039558,1,13260.0,Satellite,Success,True,Current
182,Starlink 3-4 (v1.5),2022-08-31T05:40:00.000Z,2022,8,3,True,1.0,Unknown,Unknown,0,VAFB SLC 4E,Vandenberg Space Force Base,California,34.632093,-120.610829,1,13260.0,Satellite,Success,True,Current
183,Starlink 4-20 (v1.5) & Sherpa LTC-2/Varuna-TDM,2022-09-05T02:09:00.000Z,2022,9,3,True,1.0,Unknown,Unknown,0,CCSFS SLC 40,Cape Canaveral,Florida,28.5618571,-80.577366,2,13260.0,Satellite,Success,True,Current
184,Starlink 4-2 (v1.5) & Blue Walker 3,2022-09-11T01:10:00.000Z,2022,9,3,True,1.0,Unknown,Unknown,0,KSC LC 39A,Cape Canaveral,Florida,28.6080585,-80.6039558,2,13260.0,Satellite,Success,True,Current
185,Starlink 4-34 (v1.5),2022-09-17T01:05:00.000Z,2022,9,3,True,1.0,Unknown,Unknown,0,CCSFS SLC 40,Cape Canaveral,Florida,28.5618571,-80.577366,1,13260.0,Satellite,Success,True,Current
186,Starlink 4-35 (v1.5),2022-09-24T23:30:00.000Z,2022,9,3,True,1.0,Unknown,Unknown,0,CCSFS SLC 40,Cape Canaveral,Florida,28.5618571,-80.577366,1,13260.0,Satellite,Success,True,Current
187,Crew-5,2022-10-05T16:00:00.000Z,2022,10,4,True,1.0,Unknown,Unknown,0,KSC LC 39A,Cape Canaveral,Florida,28.6080585,-80.6039558,1,0.0,Crew Dragon,Success,False,Current
